slider_id,order,src
pastoral-performance,1,/images%202/performance-frames/A1.png
pastoral-performance,2,/images%202/performance-frames/A2.png
pastoral-performance,3,/images%202/performance-frames/A3.png
pastoral-performance,4,/images%202/performance-frames/A4.png
pastoral-performance,5,/images%202/performance-frames/A5.png
pastoral-performance,6,/images%202/performance-frames/A6.png
pastoral-performance,7,/images%202/performance-frames/A7.png
pastoral-performance,8,/images%202/performance-frames/B1%20(THUMBNAIL).png
pastoral-performance,9,/images%202/performance-frames/B2.png
pastoral-performance,10,/images%202/performance-frames/B3.png
pastoral-performance,11,/images%202/performance-frames/B4.png
pastoral-performance,12,/images%202/performance-frames/B5.png
pastoral-performance,13,/images%202/performance-frames/B6.png
pastoral-performance,14,/images%202/performance-frames/B7.png
pastoral-performance,15,/images%202/performance-frames/B8.png
pastoral-performance,16,/images%202/performance-frames/B9.png
pastoral-performance,17,/images%202/performance-frames/B10.png
pastoral-performance,18,/images%202/performance-frames/B11.png
pastoral-performance,19,/images%202/performance-frames/B12.png
pastoral-performance,20,/images%202/performance-frames/B13.png
pastoral-performance,21,/images%202/performance-frames/C1.png
pastoral-performance,22,/images%202/performance-frames/C2.png
pastoral-performance,23,/images%202/performance-frames/C3.png
pastoral-performance,24,/images%202/performance-frames/C4.png
pastoral-performance,25,/images%202/performance-frames/C5.png
pastoral-performance,26,/images%202/performance-frames/C6.png
pastoral-performance,27,/images%202/performance-frames/C7.png
pastoral-performance,28,/images%202/performance-frames/C8.png
pastoral-performance,29,/images%202/performance-frames/C10.png
pastoral-gallery,1,/images%202/pastoral%20gallery/IMG_1516.JPG
pastoral-gallery,2,/images%202/pastoral%20gallery/IMG_1517.JPG
pastoral-gallery,3,/images%202/pastoral%20gallery/IMG_1815.JPG
pastoral-gallery,4,/images%202/pastoral%20gallery/IMG_1823.JPG
pastoral-gallery,5,/images%202/pastoral%20gallery/IMG_1824.JPG
pastoral-gallery,6,/images%202/pastoral%20gallery/IMG_1826.JPG
pastoral-gallery,7,/images%202/pastoral%20gallery/IMG_1827.JPG
pastoral-gallery,8,/images%202/pastoral%20gallery/IMG_1829.JPG
pastoral-gallery,9,/images%202/pastoral%20gallery/IMG_1832.JPG
pastoral-gallery,10,/images%202/pastoral%20gallery/IMG_1837.JPG
pastoral-gallery,11,/images%202/pastoral%20gallery/IMG_1839.JPG
pastoral-gallery,12,/images%202/pastoral%20gallery/IMG_2050.JPG

